ID_0114670f,ID_0d789b3186
ID_016bab19,ID_9f36f85e9b
ID_0188aa99,ID_9996bff624
ID_01c5f187,ID_08cadaf0f4
ID_01c99e86,ID_4561f983be
ID_03b4bb3e,ID_6cbe1f0a09
ID_03b6bb6f,ID_c5bb5713ee
ID_046b584b,ID_0616224fa0
ID_06014e27,ID_b4944babc5
ID_066b1fc2,ID_f937d7bff0
ID_06b045bf,ID_252adf5c55
ID_06eea7c9,ID_1b2de8a06f
ID_07018e5b,ID_767c265fa9
ID_0752c376,ID_6e15775d80
ID_07e4c0cb,ID_06901e644e
ID_089596a9,ID_aa3b698bcc
ID_08f5cf10,ID_09a2455ee9
ID_094b05d8,ID_bc568cea22
ID_09c4008a,ID_cfcc5d68d0
ID_0a3c322a,ID_e4b59128c4
ID_0aacb408,ID_df5c6fb8cb
ID_0d3cb1d2,ID_8cdbd94386
ID_0dc0fb55,ID_8ee89000f2
ID_0e0fbb4d,ID_cba7d5966e
ID_0e223c2b,ID_ca543cd749
ID_1008842e,ID_1f5c43034d
ID_1039dac9,ID_51e69650a5
ID_10beb45f,ID_7184e80f09
ID_10f5a902,ID_8e08c0b66e
ID_120cb5c1,ID_e93e4fecb3
ID_146bec88,ID_68b751fd1d
ID_15e9f6f3,ID_ae867974d8
ID_16130483,ID_8e2e314a47
ID_16dcd3d0,ID_0640188b4e
ID_170657f0,ID_f9bef7d352
ID_176de744,ID_70023c674e
ID_18980436,ID_c24f7cf510
ID_18e16208,ID_18c8e4f8c9
ID_18e16208,ID_3c4fcb3617
ID_1a23c93a,ID_1b7b69e1c0
ID_1a9dfcf1,ID_90c8662d86
ID_1aff4c26,ID_94bbe7f6cc
ID_1bcc1362,ID_807fd9a908
ID_1d27d5fe,ID_96e7757122
ID_1d3fea35,ID_9059331022
ID_1dbe2d50,ID_73611396aa
ID_1dff8475,ID_210791b6f9
ID_1f034176,ID_6f73b3e2f6
ID_1f52dd8e,ID_50b89b4e3c
ID_1f68a65b,ID_300315b835
ID_204509e7,ID_bd12cfe1fa
ID_214e5c5c,ID_05a3c1c39e
ID_218823c9,ID_d13ead89e1
ID_21a69327,ID_3c164fa328
ID_22f38530,ID_66d268bbf4
ID_242e2a39,ID_f2851197f8
ID_243f4312,ID_53dcbbd225
ID_268b38fe,ID_0df3a24f6e
ID_26e5014d,ID_05e88fa94c
ID_2906d78a,ID_58902b0edb
ID_2a1fe374,ID_2b8e6d88e3
ID_2a74fb28,ID_7ad3a2e7d3
ID_2b42e08b,ID_28631c1846
ID_2c05685b,ID_610d36d88c
ID_2c53732b,ID_aa7b87a879
ID_2c71b95e,ID_2186e5cf1f
ID_2c995fe7,ID_d4555a4a17
ID_2ca13b19,ID_8d660704ff
ID_2db7ee14,ID_9479ec4306
ID_2db7ee14,ID_f27e38fdfd
ID_2e2c9aa3,ID_e972706b4a
ID_2e9b5682,ID_ddfae03f30
ID_315ae45b,ID_11ef975392
ID_31652e46,ID_3e60c7a852
ID_31652e46,ID_f738a222ff
ID_31b9ecda,ID_64431a2975
ID_32c07778,ID_f9641021e5
ID_32cacc0e,ID_e9a54db5d6
ID_33a89c47,ID_7a9ea13707
ID_34375431,ID_6b2a7f7b1d
ID_34c65238,ID_9f4b41b7f9
ID_373e7941,ID_71ee7a33fb
ID_3750087a,ID_d8ffaf474a
ID_38b3e06a,ID_79294460ad
ID_38d164bd,ID_59aced057f
ID_395b194d,ID_7c9812167b
ID_3aba4932,ID_d873551ba8
ID_3ad8e562,ID_54fc9b19b5
ID_3b4accbe,ID_477f2cfe52
ID_3b8bf5c8,ID_28e009e128
ID_3be12d48,ID_2d118f0f64
ID_3d3460a7,ID_ffcbbb7bfc
ID_3d4d355e,ID_fd13eace83
ID_3e02dd50,ID_68d2a5a13a
ID_3eb56744,ID_f1c7ba3ae1
ID_3f4bdecd,ID_be95ae6c0b
ID_41fbad2a,ID_a2157383a5
ID_421ab2e7,ID_757989f1cd
ID_427e7db2,ID_41a5a428d1
ID_430d38c9,ID_4fdbcfc68c
ID_43a937d5,ID_1cac8dba16
ID_43bba734,ID_609847bfe2
ID_43dd2890,ID_f0d2c99e85
ID_445f82bd,ID_1fbb2050a7
ID_445f82bd,ID_d77c8430aa
ID_44f83d88,ID_bff4caa69b
ID_4506eb54,ID_6608da7202
ID_45438087,ID_0f45b1df36
ID_4609a10c,ID_2c831d8056
ID_46d46a1f,ID_9215324095
ID_47205cd5,ID_37c698a520
ID_4728a41a,ID_009e7f76d6
ID_47ab9ab2,ID_bdf1642636
ID_47e7be5b,ID_5f8ba20a67
ID_47ff7000,ID_114d997991
ID_4a84757b,ID_2c347c352f
ID_4b0178a1,ID_1d688d2adb
ID_4b4c901b,ID_4f315ba876
ID_4d2cd2e5,ID_fa7e82693c
ID_4d8cb266,ID_13340bd648
ID_4e0dd215,ID_0e3420f9a0
ID_4f6681a4,ID_a907e1a4e9
ID_4f78d1ca,ID_5f0fe6d7bc
ID_4f8afe40,ID_af606c1d17
ID_50e8b7ca,ID_b779bf8354
ID_5150137b,ID_3c6c4146fe
ID_5263b6b9,ID_e5d45d9451
ID_5548c1e6,ID_c15cbb09f6
ID_55acef8e,ID_52d94a3fa8
ID_574f4335,ID_93dde5f0a1
ID_57ae8838,ID_5741ecabf4
ID_5b16d05c,ID_8d9751d373
ID_5bdb4b0a,ID_a8a48661ad
ID_5d950745,ID_73ce617f78
ID_5f2f6fc1,ID_a25966df04
ID_613cdf79,ID_4ff11a6ec1
ID_6282c9fc,ID_5fd04175cd
ID_62c51b35,ID_ecd048722b
ID_631bb202,ID_825f47bc67
ID_63f59622,ID_4f51adcc1f
ID_663c54a5,ID_1916930a2d
ID_67e3dd2d,ID_60fcd413c0
ID_680367da,ID_37f29117dd
ID_683fd24c,ID_7d6a269547
ID_6840f1b5,ID_c007ccf6bd
ID_69acad1a,ID_f0166bfb57
ID_6a20cf0d,ID_721d2d7bbc
ID_6a241ff3,ID_3e5e52d7ee
ID_6a6803a2,ID_b8ff9531b5
ID_6ae0c0e4,ID_08583accc5
ID_6b87a511,ID_4f28d9bc1f
ID_6c0bdddd,ID_f20052b526
ID_6c817f7f,ID_b30126d6e0
ID_72a1a288,ID_cbc8f672bd
ID_747b2d22,ID_ec6d39211d
ID_77f2d627,ID_bf6fae3554
ID_78bf4234,ID_6c55aa495f
ID_78e3a83b,ID_63d60adb10
ID_78fbbc47,ID_b0d883ab29
ID_7949b6b6,ID_684d703103
ID_7a357cee,ID_8842512bac
ID_7a88a141,ID_8533cd744e
ID_7b98479e,ID_c5afa39967
ID_7c311a33,ID_6cce3b3647
ID_7ccc751f,ID_c27ad9a4fc
ID_7d2fad7e,ID_e0429356d3
ID_7dcd42d2,ID_ffe3248b19
ID_7e25d631,ID_0bf5d198cb
ID_7ee14461,ID_0759da8f84
ID_7f853ca3,ID_5e22936183
ID_80073601,ID_b3c6e9c45a
ID_8020240a,ID_06f48a3093
ID_84be2030,ID_6d4f83e3d5
ID_86274a3c,ID_04291e1c97
ID_88de88f7,ID_48155de2ad
ID_8999ea8d,ID_d645a21624
ID_8bfe6c11,ID_061af40375
ID_8c298617,ID_aed69c27be
ID_8c2d3f4a,ID_d7a3abe04a
ID_8c4c374a,ID_dabac96f7e
ID_8cad2456,ID_0f22762936
ID_8d22157e,ID_b4549f9578
ID_8d33066e,ID_8929366f79
ID_8e7af3ff,ID_ac6ecb45cb
ID_8fcaa953,ID_eae4306d33
ID_903f7001,ID_29e439e9aa
ID_90668300,ID_58cc1e4332
ID_90d6beab,ID_4c662f5fc1
ID_90e4bff9,ID_2632eebab4
ID_9116e504,ID_5abf493b34
ID_91532f0f,ID_6961301230
ID_91db620d,ID_dbc8446ee6
ID_9274ebf4,ID_77e8c42403
ID_92c6e1a1,ID_248dcc3d3e
ID_9353e55e,ID_15bd60a9a8
ID_93806008,ID_945f2df8ff
ID_93975893,ID_394c3724dc
ID_93bf4ecc,ID_2df25759ed
ID_95ad78d7,ID_a090a3a9e6
ID_963cfd2a,ID_ef92fc34ae
ID_9772852d,ID_aa7e842a18
ID_9799e136,ID_1bfbb2a867
ID_979ad597,ID_f24d7aa607
ID_98e00832,ID_9275169511
ID_9a275138,ID_378a819555
ID_9b2ea144,ID_557d022eca
ID_9ba2a31c,ID_baef905e91
ID_9ba3be10,ID_1c4e9f3c40
ID_9bac9601,ID_ba0cc91aff
ID_9c170b95,ID_a688386600
ID_9ccda026,ID_84dbeb8d86
ID_9e498796,ID_5226b0ae6b
ID_9f4e9ea6,ID_398d09a36c
ID_a12b0b48,ID_7e7bc358af
ID_a1adcc24,ID_a732c05707
ID_a2b3523c,ID_9ec43e65d5
ID_a2ed7c87,ID_cdaa271ab0
ID_a307919f,ID_2ad894219d
ID_a31e66c9,ID_c4bb08fe88
ID_a4174361,ID_668141cdb7
ID_a4b5dc33,ID_48abd2a9f9
ID_a5851e5a,ID_40ebd098ed
ID_a5a20a97,ID_cfde98722e
ID_a5dcb72f,ID_454ff58044
ID_a622d838,ID_9b79757d62
ID_a690cfcc,ID_9165eebccd
ID_a69e9a1c,ID_c50fc0d406
ID_a6ab1af0,ID_8b7dcc4eee
ID_a6d03436,ID_e48e7e71b3
ID_a6d9799e,ID_63a0fecadc
ID_a8b16c11,ID_417af69a80
ID_a90855a6,ID_5bb257a429
ID_a959a93c,ID_e43d3c1006
ID_a95e2a3a,ID_3493caf79f
ID_aae82e79,ID_318d10a8d7
ID_ab3ccce6,ID_9357534fcc
ID_aca51e58,ID_746ee1a05c
ID_ad95b001,ID_3997fd0bf7
ID_aeb92dfb,ID_0b49f6780a
ID_b14d854e,ID_c65a8f2f00
ID_b198a13f,ID_ffce46276e
ID_b258f048,ID_7ab10e3226
ID_b2887afa,ID_2525fd4a70
ID_b2ff0d26,ID_b6617f9e71
ID_b47f59ed,ID_c05d5b062d
ID_b51cc00c,ID_2082d85c9d
ID_b5bcf2b1,ID_f7e3711566
ID_b5fa40b5,ID_74bdb58dbf
ID_b845e8c4,ID_3084619c2c
ID_b91bf6b4,ID_17d2f7caaf
ID_b98479cf,ID_8ab06fdb5a
ID_ba182402,ID_6c615bf9c3
ID_badf1b5b,ID_2747573de9
ID_be543a07,ID_0b5dd35816
ID_bec27857,ID_09304878f4
ID_bedf35ce,ID_13ea177db6
ID_bf5258df,ID_31a1468948
ID_c09d8736,ID_29277f2d45
ID_c1ec2db2,ID_04d07d07c3
ID_c4f85867,ID_461c745f99
ID_c6020350,ID_db3975c5d6
ID_c6a52782,ID_d4fdaa437a
ID_c6b3af28,ID_842a9dff69
ID_c6f55fb8,ID_e31a1203c2
ID_c750c2f9,ID_9fde96e0bf
ID_c755c70c,ID_517f0ae994
ID_c7dbd2c6,ID_d5d04b5f6d
ID_c8ea7820,ID_82dc7ef985
ID_c8f3e0ac,ID_ee28472347
ID_c9167b8a,ID_bda66f5eaa
ID_c9e4a3c3,ID_150e2e9f8a
ID_ca23b0fa,ID_88ebc58c18
ID_caf3b758,ID_ebe2ec167d
ID_cc007031,ID_dd213e3916
ID_ccb569c0,ID_220d2a2486
ID_ce543a28,ID_74b823a57a
ID_cf56b157,ID_63e3dee9f6
ID_cfdb46e4,ID_a27559045b
ID_d07d912e,ID_f8699439c1
ID_d103202b,ID_5ced3afe54
ID_d2d0287a,ID_db908a75b1
ID_d2deede6,ID_75fcc3e464
ID_d2e90a19,ID_c8fa51861f
ID_d507a334,ID_89fc855c8e
ID_d5e17b62,ID_c1ab51b5fd
ID_d69b0865,ID_cb02bfcd3f
ID_d6ed9dbc,ID_fbd473e5d7
ID_d7265d99,ID_fbc3934f42
ID_d87f24ac,ID_c7bc32b1a5
ID_da252c97,ID_42e06b7429
ID_da41da1c,ID_4a2a3550db
ID_dc214805,ID_f11b00cbdc
ID_dc552e09,ID_ce89fc518f
ID_dcfe943a,ID_653e6c794e
ID_de5816f6,ID_0e80ee4b93
ID_de7cbd93,ID_976827819d
ID_deb7af25,ID_bcfe8dc8d0
ID_def1a24e,ID_4666f33855
ID_dfd135bd,ID_b1c713b8b0
ID_e0529839,ID_c3fcea04b9
ID_e05a3ff4,ID_1dfb0e8b50
ID_e16204bf,ID_65d6c69e33
ID_e1a446d0,ID_1c08d77b04
ID_e2a5a300,ID_12f0b6704c
ID_e5db73a4,ID_d4eba41df0
ID_e703eef5,ID_cd121802ec
ID_e7548818,ID_dc60a78e53
ID_e7eb5e45,ID_fc169712f2
ID_e82b0189,ID_188c122b00
ID_e8815d89,ID_3d482d857c
ID_e8820a90,ID_a3c56ce0dc
ID_e88ba1b2,ID_b9cf3d7b2f
ID_e9e3dc2f,ID_de7925909d
ID_ea3e827b,ID_2e8956c646
ID_eabf1eb9,ID_23ea792d20
ID_eb47a81a,ID_b3c72c0b7e
ID_ebae5ec3,ID_7109c67596
ID_ebcf8504,ID_d8386ffa4e
ID_ec305140,ID_17405163ce
ID_ec56dd83,ID_6909e9ec97
ID_ed87ff41,ID_8ca940c9c4
ID_eddb39ab,ID_a4ed189f8e
ID_ee488f63,ID_c0911f23c4
ID_efd26932,ID_a77988c66d
ID_f02ab7c2,ID_95063ca1bc
ID_f0658ada,ID_162523fe3c
ID_f0f75643,ID_b730785228
ID_f28c1941,ID_5221a8b8e1
ID_f30758ef,ID_ca70017a50
ID_f3c126e1,ID_5b4d992d63
ID_f41d724c,ID_ddb1b035f2
ID_f48e5610,ID_3534859446
ID_f50b6b61,ID_d859269834
ID_f5699c30,ID_10be14d6e3
ID_f6787fc5,ID_4fcd4b7e40
ID_f6d26e75,ID_7ec8e4a106
ID_f85b0081,ID_c671dd6165
ID_f9843cde,ID_5a2f30075e
ID_f9b37e7c,ID_f57fa838b0
ID_f9ebbb93,ID_3fa7ddc1d5
ID_fa0c9db7,ID_50bcefbee2
ID_fa695f8b,ID_a070845228
ID_fb1e0aea,ID_49a13f1a5f
ID_fb44d35a,ID_eaaef77ca1
ID_ff347f67,ID_a2fc66f42e
ID_ffadefb3,ID_5ec8b6b768
ID_00b44201,ID_dfaf046d38
ID_00c512c7,ID_9d9287fee9
ID_020f879a,ID_f09245695d
ID_027e1578,ID_a2a245e0f7
ID_027e1578,ID_e265a9da56
ID_04614b46,ID_452857efe0
ID_046b584b,ID_8910e858ae
ID_04bb2046,ID_8e355d4586
ID_0515ef2f,ID_359421f9ce
ID_054a5dfc,ID_5fcaecda2d
ID_07365cde,ID_8e661b8f07
ID_081e806f,ID_58807b91d1
ID_089596a9,ID_dbb786cc46
ID_08ef021d,ID_50c1d1b569
ID_095c522a,ID_0a96a21ad7
ID_0b2c7b15,ID_5ddfc09526
ID_0bff8c5d,ID_04693e1d03
ID_0c45b337,ID_8fd676c7ac
ID_0c84cd29,ID_52042826d0
ID_0ce53feb,ID_d6152916ea
ID_0d70b016,ID_75377f04e6
ID_0d9ec808,ID_4a1316c032
ID_0e7a8629,ID_aeea73dac9
ID_0e7a9e19,ID_77f573aef4
ID_0e8c3c85,ID_b8c3d72f91
ID_0eb6c16d,ID_b734b2fcda
ID_0eda7814,ID_703db4278a
ID_1193a4e3,ID_8d0537558f
ID_1231e3f0,ID_d860298601
ID_125cce89,ID_bec2e9324d
ID_12ad83d9,ID_85765d3ca1
ID_13fae1cd,ID_a6c6905492
ID_14a712b3,ID_4cf23c7110
ID_1539b7e5,ID_a44ebfa92e
ID_158383e8,ID_23f4a25c2a
ID_16b71990,ID_4ca26d880f
ID_1736af0a,ID_dcd9d107fc
ID_18164c10,ID_2edff2556d
ID_189d891f,ID_d7e1c45343
ID_18d521a9,ID_c89d518684
ID_192ab302,ID_568d5a982b
ID_1954c819,ID_22cfbdbf88
ID_1af34403,ID_6e19581d4a
ID_1c3da1cd,ID_eb53eca22c
ID_1e9e02d0,ID_878faba4bd
ID_1f14ffe7,ID_c51b70ce8e
ID_20039b63,ID_1cfe3e70dd
ID_20d67951,ID_eaf809093a
ID_222cd55f,ID_2e72ba4177
ID_22582688,ID_8699690cbe
ID_22583dfc,ID_17aa6deb95
ID_225d147f,ID_a1002ef48e
ID_2319d650,ID_a3356340f4
ID_26479553,ID_8da3e53fbc
ID_268b38fe,ID_3d3099e809
ID_26dd726c,ID_2c6e159442
ID_270770c2,ID_804e20cbf7
ID_27a4a016,ID_bccee31eb9
ID_28b8360a,ID_5a72f9e6c7
ID_290476d4,ID_27151541b9
ID_290d907b,ID_2f4f4b4d25
ID_29f90a49,ID_8fdc22bcaf
ID_2c05685b,ID_a40e615e1b
ID_2c05685b,ID_c8f6edfaae
ID_2c9a1da3,ID_7ae07730a2
ID_2c9f9881,ID_35b6e655ba
ID_2dcb8bcc,ID_46a0ada9c7
ID_2ede12a7,ID_d61eae63e5
ID_2f641c7b,ID_a53726842b
ID_31fa967e,ID_128abba3dc
ID_32ca9ec4,ID_0145553fe2
ID_3317c872,ID_9da3e9d9f5
ID_33c166ab,ID_cadd106096
ID_3452ecb6,ID_c5d290dfb3
ID_3455c243,ID_b3541f9473
ID_3521556e,ID_5d6fe1582c
ID_35a8c625,ID_7e50b8fc7e
ID_3749353e,ID_0f89e20e57
ID_3889b7a2,ID_3b2542d18d
ID_3889b7a2,ID_849f8c172d
ID_390e4b89,ID_6b5d223152
ID_397bd743,ID_9450670a23
ID_39b3e633,ID_9caac5cb96
ID_39d7d875,ID_97b51b00bc
ID_39d7d875,ID_b4df27bce8
ID_39d7d875,ID_b63dad0dac
ID_39ec8229,ID_97563b6363
ID_3be63ca2,ID_d0d3c3a9be
ID_3c47afea,ID_4aefd75ac8
ID_3d14f863,ID_fd5195d13e
ID_3d9d3a41,ID_e9d4bdd5cb
ID_3e481fc5,ID_750530c215
ID_3f2cf25f,ID_11149adb06
ID_3fa11bf9,ID_9a7a61f482
ID_3fe4867f,ID_1aa8e6618d
ID_41788cc2,ID_6fb4361fdb
ID_4187c74a,ID_c9c9790b47
ID_41e4f83f,ID_9ccfea617d
ID_439c2910,ID_54c19da330
ID_442ff552,ID_6139b065ff
ID_45834c0f,ID_efe0aedab4
ID_45a4e588,ID_dd70e04a6b
ID_46a37ae8,ID_e639d72581
ID_4719bddb,ID_1908f0cd50
ID_479b6ca8,ID_e71acd5e56
ID_48974fc3,ID_f01b787cfe
ID_4aeae827,ID_ff81fa79d6
ID_4d19f307,ID_757a4b57e8
ID_4de29c5f,ID_d63c7f198e
ID_4ecb1803,ID_16c163fa19
ID_4ed6c6f4,ID_4a4b8e588c
ID_4f6681a4,ID_0ac420e83d
ID_4f8d7948,ID_d4738ea9ac
ID_4fd48e83,ID_139c31e564
ID_50e4454a,ID_38ca9b185b
ID_5151b52d,ID_89c0c3b109
ID_51652cbe,ID_5b239d5f5f
ID_51d89927,ID_ec6cbbac41
ID_5214af9f,ID_42c2b6ddca
ID_54355251,ID_8df460ea6f
ID_56021be6,ID_6ebd8ec2a9
ID_568ac9b6,ID_d4a3b04729
ID_5788e511,ID_f16163fbca
ID_59a1a209,ID_b4b3b788b3
ID_5bc96ce2,ID_3d95bbb98f
ID_5c655157,ID_1583e0fe0a
ID_5cf4977d,ID_cdc57c4208
ID_5d5206b1,ID_e7cc77d9d4
ID_5e035492,ID_32c18d10ad
ID_5e288dd7,ID_b692b24cbd
ID_5ecd8190,ID_f9460039e1
ID_5ee2ef01,ID_689169f970
ID_60f4a35e,ID_1f78c58a32
ID_6134b94c,ID_3bdf22f666
ID_64225f8a,ID_1010f40806
ID_64e38ff6,ID_2180539be6
ID_668390a0,ID_378fc13e4e
ID_671317ff,ID_86826e3c4b
ID_6870bde2,ID_59cfb655b7
ID_68714332,ID_a2da53969d
ID_6a90e8a5,ID_4fd22056b3
ID_6a954d3e,ID_c9ffa5cdfc
ID_6b204c77,ID_31f733c1e0
ID_6c027363,ID_399d51c08e
ID_6c817f7f,ID_5573eab5b5
ID_6dddc242,ID_d9a3673c80
ID_6e64e79e,ID_b444ca120e
ID_6ec1abde,ID_66c34b7c1d
ID_6fc5b1b3,ID_ce60d62970
ID_6fe4a912,ID_abc46c6b25
ID_7024a509,ID_888b0d632c
ID_71530cf5,ID_b868e4138c
ID_71732d79,ID_bb3383126b
ID_723ea2b3,ID_47c0407384
ID_72a1a288,ID_8e0003cc10
ID_73916521,ID_9b26ea5913
ID_75b23cf1,ID_2de2cbb63a
ID_76bcaefc,ID_b11b00adfe
ID_772530f7,ID_0566ec6219
ID_77493415,ID_35761de973
ID_77c02def,ID_bf6112c0a4
ID_78a4e64e,ID_108e03caa6
ID_78ed8a74,ID_d4c4e9c77c
ID_79456572,ID_3e0c250ddd
ID_7aa7859c,ID_4dd2dcc211
ID_7b004023,ID_d0c39d218c
ID_7c8444aa,ID_9196cc9002
ID_7ce98286,ID_f44df6f214
ID_7dd9c940,ID_d8c3afd3f3
ID_7f853ca3,ID_f0c8ff74f9
ID_813f9dc1,ID_8d79be0e88
ID_83801937,ID_8ac7bdb781
ID_83d75d38,ID_7b34b9a95a
ID_83e9d7b9,ID_b63aa1ff38
ID_840eca1a,ID_f059050d62
ID_8574af41,ID_798ad11a1f
ID_85a60f00,ID_bcabb31faf
ID_85b11a28,ID_9fc01e1a69
ID_86541e96,ID_afd61fc0ae
ID_867b3488,ID_fbfa59eac2
ID_869b0d22,ID_03ee7f4478
ID_8888efe0,ID_19dbab148d
ID_88de88f7,ID_4c02909441
ID_891513a6,ID_6a7b2d0cb9
ID_898ae391,ID_3cac9bbe90
ID_8c451a6d,ID_2a4138278f
ID_8c572d15,ID_2cddc7e23d
ID_8dc22fa9,ID_ed1628c2a5
ID_8f816935,ID_44e5b2f061
ID_8f992650,ID_0539de5199
ID_9149a6b9,ID_dca4495f3d
ID_91db7b4e,ID_4b66f59b6a
ID_929dd3c6,ID_dde810e4aa
ID_92a249bf,ID_2b505c738b
ID_930ba263,ID_d736b1ceff
ID_9365f37e,ID_b9e8259611
ID_93806008,ID_c254751a69
ID_93b150d0,ID_bf03c10efd
ID_93f9920a,ID_6266977b71
ID_940b2f4f,ID_20256342af
ID_94d6ee0d,ID_0f4be1a876
ID_94e1be39,ID_ff7a631216
ID_96674ab1,ID_f2293967d7
ID_9728ab11,ID_3b6bd0b0d1
ID_97941f93,ID_8d29a28938
ID_97bbaa44,ID_dc363f15ee
ID_97ecda0e,ID_7a91257a04
ID_9b234709,ID_629bf2d758
ID_9d45f659,ID_3a91117e41
ID_9db24af1,ID_b9126b8a19
ID_9f027843,ID_eb9e327dd1
ID_9f2f1be7,ID_2ce160461d
ID_a10c3340,ID_cf7b51d920
ID_a2f9bbf1,ID_e62ef56058
ID_a4b5dc33,ID_35de8492c1
ID_a55459c5,ID_ffeffe01d9
ID_a66b5ddd,ID_1d237c08c3
ID_a678d75a,ID_69e7109b28
ID_a678d75a,ID_6c533d67fa
ID_a6882fde,ID_a06a9a18ce
ID_a7ff0a07,ID_9e0c900819
ID_a96b17be,ID_23453d16c8
ID_aac04c61,ID_2c3fda12eb
ID_ab47109e,ID_75efc5b942
ID_ab775264,ID_1368fe2097
ID_ab869c5a,ID_c7c78662ba
ID_ac119294,ID_228a7d42f0
ID_adaecb58,ID_17f7149913
ID_aed42a24,ID_6fdcebadec
ID_af4faa8b,ID_da66a7759b
ID_affb8dea,ID_f797ab1633
ID_b0e7fd77,ID_e9c196c951
ID_b27b2248,ID_70bcafdb9b
ID_b29244be,ID_b198847584
ID_b4ecbf05,ID_9d2576346b
ID_b5b22338,ID_95b11b85e5
ID_b686bd11,ID_e86fa72de9
ID_b6a83909,ID_694bae6137
ID_b77ee8a3,ID_5e5a10764a
ID_b79a2d4a,ID_710cdb6530
ID_b7ba64d8,ID_d0553a90f0
ID_b8d15ce9,ID_996c73f0ae
ID_b92b91e9,ID_30164d362d
ID_baf550b8,ID_171021e109
ID_bb127dbe,ID_507239533a
ID_bc987137,ID_8344354001
ID_bd222b11,ID_cac80358c5
ID_bd5306c6,ID_1b1a2dcaea
ID_bd892a1d,ID_0dd9862571
ID_bdd2d6ca,ID_0eaa07bee7
ID_be981e4a,ID_8301014bfb
ID_c09d8736,ID_c1fc55440d
ID_c0d6a5b4,ID_68fef68fef
ID_c1867feb,ID_c73e81ed3a
ID_c4519e23,ID_beb0d69a88
ID_c506413b,ID_d7cf8a8217
ID_c5e13702,ID_edc7c1598b
ID_c5f8098b,ID_699c3fb2cc
ID_c67019fe,ID_7cf787efcc
ID_c678e45a,ID_1139dc270b
ID_ca68c3c7,ID_b192de46f7
ID_cb3eb750,ID_59f1fd2d01
ID_cc1fba8f,ID_9c0c1f1499
ID_cc2de217,ID_e57954f35f
ID_cdfee6ca,ID_07adc8b0ae
ID_ce9c1a6e,ID_d15df6ec90
ID_cfcbaa47,ID_ac04c8ab26
ID_d0bd0091,ID_8f0f468ad2
ID_d115b077,ID_4bc68bad3f
ID_d11ad844,ID_cbab68e1cd
ID_d1ea6248,ID_529a00549a
ID_d278c67b,ID_8881b1c4b1
ID_d30c3c49,ID_e05aae1b8d
ID_d343e4d0,ID_62ac06d17d
ID_d3b122dd,ID_38d6e0bb82
ID_d4d716e6,ID_029446afd9
ID_d55d37c0,ID_37f9c7364b
ID_d61fcecd,ID_684975464f
ID_d793e740,ID_91bab45535
ID_d7dbaf54,ID_5f27f10f88
ID_d8e67d7d,ID_510fc28e21
ID_d96101fa,ID_74e913165e
ID_d9b6fcb7,ID_f16fb6ca6a
ID_da9ee2ff,ID_5848925468
ID_db401a35,ID_8c350fbb6b
ID_db4b2540,ID_34416da239
ID_dc536376,ID_26856da51f
ID_dc718eab,ID_146195b884
ID_dcb385b0,ID_31870f004b
ID_de24ffce,ID_108ea59f3f
ID_df113992,ID_8eef401ff8
ID_dfb6f705,ID_adb8d6ce5d
ID_e0f99f17,ID_b036e1a1bf
ID_e112a320,ID_a701048a1f
ID_e13c9645,ID_57abdefc26
ID_e276b5aa,ID_11bacfcf9a
ID_e276b5aa,ID_74e373ad01
ID_e32ae164,ID_a02c4fbe4f
ID_e338012e,ID_9b7e25f4e0
ID_e436ec30,ID_d39d9e6c5d
ID_e453b691,ID_8cb977ca14
ID_e563d4dd,ID_9ba11c4bc0
ID_e63c9e74,ID_f3e4e271d4
ID_e66007c1,ID_27f533138c
ID_e7790c33,ID_1514f7d4e6
ID_e7ad0ec0,ID_7f7a38e739
ID_e7ad0ec0,ID_c6fdaa64e2
ID_e9abbd69,ID_62e36af827
ID_eae44831,ID_384e09045e
ID_ebc02280,ID_1bc3045e9c
ID_ec35ea96,ID_37add807a8
ID_ed4cda8d,ID_7750a0257c
ID_ed87ff41,ID_37981a538e
ID_ee488f63,ID_d2bb5c4904
ID_eeabbfaf,ID_dfba9b29e6
ID_f0add5f3,ID_1718e879ff
ID_f19c617f,ID_b9c221283e
ID_f213ce63,ID_c0e1d4a23c
ID_f25513d4,ID_c19ab39357
ID_f331c037,ID_207220e32d
ID_f34eb2d5,ID_8c8eb659a5
ID_f41d724c,ID_0676128051
ID_f41d724c,ID_f7bb09380d
ID_f48974a5,ID_9dfeb8c603
ID_f555dfa7,ID_4dba2e80f3
ID_f5731496,ID_a5d4ebc532
ID_f657e864,ID_69c1f018bb
ID_f71c60db,ID_ff25362729
ID_f7740f76,ID_7ef614aea1
ID_f778e9d2,ID_53ce15c646
ID_f934bb5d,ID_310809d8e0
ID_f9615e64,ID_64320d0dbc
ID_f9f93573,ID_74875216b7
ID_fa17a183,ID_4e18905e99
ID_fadb352b,ID_1cd4dc2348
ID_fb2f0041,ID_7a4ae88d3b
ID_fe37ac03,ID_55d2219da3
ID_fe48b0ef,ID_e588e214e6
ID_fead0ce9,ID_9caad81da8
ID_ff0ef658,ID_bc483035e5
ID_ff575383,ID_2596831a9d
ID_ff90ecc6,ID_11ae1b08b8
ID_0027f0b7,ID_152fa52345
ID_00526c11,ID_d6296de728
ID_012fe37a,ID_b971875df5
ID_01c5f187,ID_3f126134a7
ID_0301df1e,ID_9f787997e1
ID_0308dba8,ID_89bc8673f3
ID_0308dba8,ID_9ea3a81b43
ID_04819e81,ID_3a8a0a17e5
ID_062f2cd5,ID_102ba490d8
ID_06380bf2,ID_af43815c9f
ID_0645acc9,ID_b4470521fd
ID_06b045bf,ID_4601fdae38
ID_06b045bf,ID_e29c14507a
ID_06e98b0e,ID_d2b9abbe51
ID_07451415,ID_dc4ceba064
ID_078a3c83,ID_fe0f32a5dd
ID_07f0fdba,ID_5581f6c0b2
ID_08030ac5,ID_76d20b95ce
ID_08f09d12,ID_c70011df49
ID_0aac4598,ID_90c717065e
ID_0b2c7b15,ID_79f5d64c76
ID_0c3387ec,ID_a0ca7d8827
ID_0cc0d2eb,ID_2e55f16a22
ID_0ce53feb,ID_901c2a645f
ID_0e5a23c1,ID_7904f7b2a0
ID_0e8ba35b,ID_824b7d5f65
ID_0f07ae0d,ID_8cb0bfc3de
ID_1087528f,ID_88df178cf7
ID_10b66cfd,ID_816b9f7174
ID_12c313d9,ID_1f7e38921e
ID_151cb69f,ID_20671eaa27
ID_15541483,ID_3156889b4a
ID_1876f996,ID_caf39115a1
ID_18e16208,ID_c426634aa4
ID_1904e557,ID_bf4ca2d9b6
ID_1919ef94,ID_22c71aa431
ID_1b96cd54,ID_1e5bc978c2
ID_1d96cb4a,ID_58b2f34809
ID_1dab5633,ID_47df287160
ID_1def3ad5,ID_bd509716e1
ID_1fd11fdf,ID_431ec0e22f
ID_206904ea,ID_ec03d5338e
ID_2319d650,ID_96e5a94e39
ID_23a783f2,ID_c10f985d6a
ID_259c714c,ID_2d0b703f1a
ID_26c34457,ID_399c236565
ID_28746e74,ID_7f906715c7
ID_29237526,ID_c08447b792
ID_29e42351,ID_f6a6d28fd5
ID_29f90a49,ID_b9d1605d2c
ID_2b7b22dc,ID_d51e8ae6cd
ID_2c9f9881,ID_ff37b81919
ID_2db7ee14,ID_2591d00dfc
ID_2de5b526,ID_86d35356a2
ID_2e511348,ID_56021ef75f
ID_2e7ab0cd,ID_bf589e3353
ID_2e8c6992,ID_d17a4a8157
ID_2efbb26d,ID_31d9c1db5a
ID_2f08ea2c,ID_908bb6bd1d
ID_30958609,ID_5a1407ebea
ID_317b430f,ID_9306e6458e
ID_323cfd7e,ID_b92ed8f15e
ID_3317c872,ID_5c2d3efe27
ID_335ec5b7,ID_2378b9f08d
ID_33e26eaf,ID_106dc48992
ID_34c65238,ID_cdb3b8f064
ID_3661d884,ID_7e57502b6e
ID_379a2ca8,ID_89eb26799b
ID_387e6335,ID_8c802a940c
ID_38ead96b,ID_ecc03e94db
ID_395b194d,ID_0044bf364c
ID_39d7d875,ID_379ff419c3
ID_3ce53f6d,ID_543e2e184c
ID_3df9a046,ID_37603a4080
ID_3e00d8fb,ID_a10c8b0ddd
ID_3e0173a9,ID_c821c912cd
ID_3e5c544d,ID_c9f572b2ba
ID_3f4a59ee,ID_2d6f3c6f00
ID_3f8ec0e3,ID_6ac25642e5
ID_40306e99,ID_6b63444dbb
ID_40346595,ID_d862caf66e
ID_41496e62,ID_a090a2f211
ID_417c9692,ID_82230f06cc
ID_43b79d91,ID_15bafddb12
ID_4442bcb2,ID_09be3985c8
ID_4488a17e,ID_c42a71d9dc
ID_4695e5e2,ID_96c76eb321
ID_473ff097,ID_cb5c520d87
ID_4a501572,ID_dd88aa9795
ID_4a51ddac,ID_b724ec0549
ID_4acb7794,ID_1cea750ed3
ID_4b47c322,ID_57c632d8af
ID_4b711c6d,ID_4492c72a6e
ID_4deeab67,ID_aa1d67aa0a
ID_4e716f97,ID_6b604a8156
ID_4fe73b37,ID_7a17ad7238
ID_507a35a1,ID_25514c7430
ID_50c3d646,ID_060f03290a
ID_5117f9bf,ID_c1daee4811
ID_5165a2eb,ID_bbf7e0a193
ID_532095d3,ID_85eda14d0e
ID_5357d097,ID_34b2349c81
ID_53ceccd7,ID_5c9a792fcd
ID_562c465b,ID_043a4a406f
ID_57919ca2,ID_8a5b7cf59f
ID_57fa7495,ID_786ae6a1b4
ID_58fc1c3d,ID_97a4cfc753
ID_59c726ec,ID_51af140da2
ID_5a76893a,ID_27fb98182e
ID_5b88dd40,ID_5b40f5fc4c
ID_5b93627a,ID_8ff2729cf9
ID_5bd2159e,ID_0065c9c281
ID_5c098764,ID_eeddc20f03
ID_5cba5f6d,ID_e975aeeb29
ID_5d7a5870,ID_f2c59ae672
ID_5dc4b45e,ID_698f9cfaf2
ID_5e31aada,ID_9c2ab87f93
ID_5ea98f2a,ID_828bbcc92c
ID_5fe1b289,ID_0f30dec3b3
ID_60a9c53c,ID_4074843c8f
ID_615bed53,ID_359c3b8214
ID_6172a307,ID_d4c7573526
ID_618a34a2,ID_9f2bf0f5c9
ID_61c742e5,ID_a353f3ec6c
ID_623ecf6b,ID_bb49635184
ID_63232a78,ID_6db7221ecc
ID_6388d679,ID_0be88e0774
ID_63ba5ac2,ID_e4f3e4f5c9
ID_648c8f05,ID_68b4fc46d6
ID_64a59bb1,ID_1626dfb4ec
ID_65198feb,ID_656ebc6849
ID_66a9e1b8,ID_ac231c3c32
ID_677f38f6,ID_50339184be
ID_67e3dd2d,ID_5979ebaadc
ID_6837f845,ID_c2e2e05459
ID_68e87787,ID_51f2331ffd
ID_691ee255,ID_e7efdc077b
ID_69801201,ID_172ae18e3e
ID_6bd8a97b,ID_e5fdeee9bb
ID_6f275b21,ID_13736a81e2
ID_6f37c3fc,ID_97b8ee85b3
ID_6f740ee2,ID_ccd97ce229
ID_70a38dbf,ID_8bfdb08f4f
ID_70d77532,ID_3c128edd01
ID_71530cf5,ID_007ec95d89
ID_71530cf5,ID_5a3f75f501
ID_72b36cbb,ID_aede83db01
ID_73384aa3,ID_f34cd0eb06
ID_74520e9e,ID_38d02c7dc7
ID_74c7b6f6,ID_daa1959b29
ID_74e102b8,ID_4950ff80a6
ID_74fb3379,ID_b11f42ef54
ID_75396955,ID_861e5fcb99
ID_761ba61f,ID_df0559388d
ID_7634589d,ID_0efe84e09d
ID_76d9765b,ID_73e8d13c39
ID_782dc039,ID_31b917cd03
ID_7d032def,ID_fb8edf6c09
ID_7e33824d,ID_59a957fac4
ID_7f79c21a,ID_1fb686b5a1
ID_8085cd40,ID_25bdad6514
ID_8085cd40,ID_5d4ac66f3c
ID_8092a242,ID_c506a6c476
ID_81343ca8,ID_44494fb0d1
ID_8203268c,ID_4e2262ea7f
ID_85eb2298,ID_2c5e74382a
ID_860476be,ID_a3a0203d31
ID_86467a1c,ID_579759200b
ID_86499879,ID_42c9f202cd
ID_867b3488,ID_57cf69a26b
ID_87925aec,ID_a42b80df6c
ID_89077814,ID_2de9ccc9d2
ID_895444b4,ID_9f309008f3
ID_8a751aef,ID_0180f90094
ID_8afdc77b,ID_e329a7fe35
ID_8b2f1350,ID_a552269e87
ID_8b894252,ID_4c1750787d
ID_8c9f0470,ID_06901c9b07
ID_8d59793b,ID_e6a4f298c8
ID_8eb7f7e3,ID_d81183eb3c
ID_8fcaa953,ID_36c95a93e2
ID_9116d8c5,ID_dc3d9bd081
ID_916fa6d5,ID_ac612088ad
ID_9281447b,ID_e5c132e027
ID_929851bb,ID_7c4f695d37
ID_9313e59c,ID_44baaac169
ID_938dc01c,ID_2e494189c7
ID_945544ce,ID_c5f462b483
ID_948fc56f,ID_b1bbaa8f8b
ID_94f43373,ID_43cae3c59d
ID_95e8a94a,ID_4fd2965625
ID_969efe71,ID_8898d819ed
ID_96f03221,ID_51270c92ce
ID_97880795,ID_bfd5191613
ID_9a0af893,ID_0d3ca93ad6
ID_9a275138,ID_d3ee43db99
ID_9c83f4c3,ID_0679e6bb0b
ID_9d051d39,ID_029f4b9b36
ID_9d44aa72,ID_e1cded7f06
ID_9d613cb8,ID_ee4cb421ad
ID_9d7de224,ID_b2ea210993
ID_9d993377,ID_9dcad3469e
ID_9d9e16e0,ID_bc9140d48c
ID_9f027843,ID_6ca040611a
ID_9f4e5f74,ID_b812c411a6
ID_a0be6fee,ID_7d4477edff
ID_a2af7a20,ID_3f75abb273
ID_a3133912,ID_3a9dd7626b
ID_a351d890,ID_539616075f
ID_a3833eaf,ID_c23caf83ee
ID_a429fd9a,ID_2eabc43f3d
ID_a49f0844,ID_39d3460158
ID_a508df02,ID_e8fd752c60
ID_a60ab7f4,ID_60c1e5c1bc
ID_a65794d8,ID_1e3eda186e
ID_a7706121,ID_d9833ba4ab
ID_a79fdf0b,ID_48b5952149
ID_a7c872cf,ID_f6e50d8cff
ID_a7eef85b,ID_f0e065dd9b
ID_a823c13a,ID_93da09b78f
ID_a9c4fe6c,ID_0aa3045689
ID_aa420d1c,ID_5e6bee51af
ID_aafdc4e9,ID_71ec7ff4b6
ID_acb02376,ID_69c6592a52
ID_ad49dbe2,ID_eacfd8d93a
ID_ade53218,ID_fc85433493
ID_afd8ebfe,ID_2109e8e81b
ID_b0bca4d7,ID_cbb3eba8ca
ID_b15a5cd2,ID_10d45dd698
ID_b198a13f,ID_f1f9782296
ID_b228f231,ID_f1c58ef8ed
ID_b2a99181,ID_60fb3df690
ID_b2ed8c2f,ID_eff7fcaf3c
ID_b2f933fa,ID_c88ea73cda
ID_b3f2276c,ID_26cffa7534
ID_b3f2276c,ID_ae85777dec
ID_b49837e8,ID_bc4e59e47d
ID_b848d9f2,ID_7bbf20b25b
ID_b9c52721,ID_0f872bac4e
ID_ba5046da,ID_17c4ced3d8
ID_ba569d27,ID_901fa2058a
ID_baafeff9,ID_7a834b9d14
ID_baf4de24,ID_0623963b02
ID_bb7fc7d7,ID_c8e9aa3143
ID_bbf1ddb2,ID_0cd4447a31
ID_bc4f14ee,ID_3816e557ed
ID_bd6eeb49,ID_7e1353f076
ID_bd8dbcb9,ID_deb554591c
ID_be918948,ID_c65a8916b6
ID_bf515fd2,ID_bfa9e7c756
ID_c071ff89,ID_769c2813d2
ID_c1305440,ID_d14c361c63
ID_c19e3057,ID_3509b4cbd9
ID_c2d63027,ID_134e8c8044
ID_c4c4bd29,ID_4b053d5b1d
ID_c5ab4939,ID_d2b1e64b73
ID_c64faa4c,ID_67fd47ee26
ID_c65d55c5,ID_c96695a840
ID_c7c7fec9,ID_8f2285df25
ID_c9922af3,ID_6e095a1340
ID_ca0c42ad,ID_e7e26c1596
ID_caabf7a2,ID_76616bbe32
ID_cbc65795,ID_498dfeb2d9
ID_cc729aee,ID_fa764edca8
ID_cd20aac7,ID_a2f63d04a1
ID_cd42d1a3,ID_12de782abf
ID_ce509a09,ID_b676906831
ID_ceb967e2,ID_975ae91d93
ID_cf845919,ID_c13036460a
ID_d0c6227e,ID_9887cbe4d7
ID_d16002a6,ID_ffafa2d7a9
ID_d187f1a0,ID_9ef0cf23cd
ID_d1ec10ac,ID_52df138d55
ID_d20372c9,ID_83564158a8
ID_d2deede6,ID_76f0db0008
ID_d35ce385,ID_b50cc27493
ID_d3839799,ID_75f4a8502b
ID_d3e8e0d3,ID_416d908876
ID_d46cb9db,ID_93f17e6c53
ID_d5a38d3c,ID_8ad66b41bd
ID_d645bec6,ID_7b69a1128f
ID_d6f04126,ID_5f8255bf40
ID_d7fc893f,ID_1988ed83d1
ID_d87f24ac,ID_5316a69a44
ID_d8ad4c8e,ID_e8700026d3
ID_d8b2b962,ID_f1f5b27c61
ID_d8e67d7d,ID_7af8137c00
ID_d9833116,ID_ae33e1ecb8
ID_d98e93c0,ID_c94d87454a
ID_d9ae4c98,ID_b1a144711b
ID_da2b496f,ID_e03a6b495c
ID_db136037,ID_0d09fa31b4
ID_db89259c,ID_caf520cecd
ID_dbc7c043,ID_e7780eba11
ID_dc5387aa,ID_2598dd276f
ID_dca055bd,ID_c7e3808b12
ID_dd2967ee,ID_56d6f69f40
ID_ddac663e,ID_dd94d2ff4b
ID_df8e91c3,ID_e87a4bbbfa
ID_e0daef92,ID_e381b238e9
ID_e0f1e484,ID_7fb825b7f7
ID_e186efe9,ID_f170e3f21d
ID_e23364fa,ID_d0be3f2791
ID_e276b5aa,ID_e96fd85c0b
ID_e28a3e08,ID_dfad15aa22
ID_e28d5d21,ID_29d3b2e8e7
ID_e314642d,ID_895ab81323
ID_e37b5831,ID_340b792ec6
ID_e3c9443c,ID_b39173beb9
ID_e40069c6,ID_2212ea1bf6
ID_e58d9e2d,ID_e673ebabe9
ID_e5b5082b,ID_17f230bc41
ID_e5b51a8c,ID_0df95cee90
ID_e5c9d4bf,ID_a5af92973c
ID_e98ff4ee,ID_61ccd254af
ID_eb2f4336,ID_f10ba21581
ID_ed3f6807,ID_716d7e0cf6
ID_ef489824,ID_00b8859331
ID_f08ff98b,ID_7bacf37dfe
ID_f10ee253,ID_c6f74d0526
ID_f18c0404,ID_27125b6417
ID_f30758ef,ID_8e20e1f88b
ID_f309d4c5,ID_cc6347e8d8
ID_f3640360,ID_3f68185ad8
ID_f3640360,ID_40c55bc676
ID_f4198784,ID_fc0debcb35
ID_f6b01a30,ID_2b74726e27
ID_f80441b1,ID_10a0a4c880
ID_f8328c63,ID_e1796de3cd
ID_f8ac1f70,ID_c4736120fd
ID_f8d9c2bd,ID_28527fcff7
ID_f90232f3,ID_a3abf0d44d
ID_f977a3db,ID_453a423d8d
ID_fa1b4b50,ID_4edbc1d835
ID_fa8436e5,ID_7b3b2520ba
ID_fb982b0d,ID_d1828c4c2a
ID_fcaf9338,ID_a544ebe67d
ID_fd789d2f,ID_1a732adc2b
ID_fd84525f,ID_aaf46f5149
ID_ff0d2158,ID_2ad62faab5
ID_ff53fe0a,ID_4051e062a1
ID_00859e11,ID_01f49be39f
ID_025e07b6,ID_02bb3e7d9d
ID_0308dba8,ID_d5a3a5c22b
ID_03962d75,ID_dd7cdbe29c
ID_04e1cdb0,ID_cc923a7acd
ID_05ada152,ID_231028bc8f
ID_05bb1f88,ID_506168ff70
ID_06382ae5,ID_fffc71b58c
ID_07ca67ea,ID_5ff362170a
ID_080ad5c3,ID_007c0bafe6
ID_08ac33dd,ID_02cf5aa3f6
ID_08beaf02,ID_b13dbfef1b
ID_09422b4a,ID_27b87e7cba
ID_097968dc,ID_ea02aacbd4
ID_09ff658a,ID_bef3faf357
ID_0a040036,ID_44cc017f8a
ID_0a23f539,ID_081931f2ec
ID_0a46e7f6,ID_4df69b16b1
ID_0b7874b8,ID_6baecc6c9d
ID_0c9bab5d,ID_90692e3288
ID_0d1f0b77,ID_edb4eaeb5d
ID_0e54dfec,ID_17951cc823
ID_0e7a9e19,ID_baa004ef9d
ID_0eb18335,ID_2af7819958
ID_0ff437c4,ID_c98bb600aa
ID_103b5a67,ID_480e5d618b
ID_14c5ca98,ID_d1be25e587
ID_14f6dbe9,ID_060b20c364
ID_158c08c4,ID_7aba219c2f
ID_161c2d8e,ID_0914f5c75f
ID_16c997a4,ID_9a0e3e8da8
ID_170d01d8,ID_15fbe22aa0
ID_171233da,ID_314cbf243f
ID_171e5246,ID_d0a7b3aa9f
ID_171eaffe,ID_4bf0eafef4
ID_178513c2,ID_8a81ad5da7
ID_18cc0e70,ID_4d574e09b5
ID_18dd44b2,ID_ce022410d3
ID_1915e011,ID_81e170ef87
ID_19d26713,ID_9f54cdc920
ID_1bc4c03d,ID_c70cd14878
ID_1cdf8b50,ID_62b4d34700
ID_1e74903a,ID_20603762d2
ID_1e74903a,ID_49e4477e5d
ID_1eeb77fe,ID_8f4a502323
ID_2042cc11,ID_b5e7ddd1e3
ID_207349ad,ID_fab02cb9e9
ID_20796752,ID_47b6164e27
ID_21690c9c,ID_0abb72a780
ID_21aeda40,ID_06551042b7
ID_2319d650,ID_f37a555e55
ID_239c12cf,ID_1431ae448f
ID_24ba8ad9,ID_1ef81d1475
ID_26983339,ID_5fddcde1ee
ID_2906d78a,ID_7e02492a7c
ID_29e42351,ID_c4ff5d8852
ID_2ab8df46,ID_b82f6ab055
ID_2b6c73ce,ID_03899fa456
ID_2b8741c5,ID_6fd2658ada
ID_2c7a2548,ID_2e3485e6c5
ID_2d0e4294,ID_8d59372c56
ID_2d7bada1,ID_0e85419e99
ID_2d82155e,ID_7c7c1d6b77
ID_2d82155e,ID_bd2fba097f
ID_2dcdf649,ID_2236e7aa42
ID_3001e35a,ID_20e237b726
ID_3064925a,ID_085ade34b2
ID_30c59756,ID_a043d91296
ID_30cbad9c,ID_2d43e701bc
ID_333c1f27,ID_ca4396e9f4
ID_33c166ab,ID_df5c5d231e
ID_33e26eaf,ID_bfdb6396fd
ID_343b9c92,ID_1675fb2040
ID_35478b78,ID_7bfe88fa49
ID_35a154ec,ID_b2241c4e47
ID_35c76d55,ID_f4ee4bdbdd
ID_35cd34d0,ID_2f9e500d9a
ID_3603add1,ID_024376a569
ID_37d7492d,ID_75f167d725
ID_391cef9a,ID_25a22bbb43
ID_39bdd84b,ID_a318f304e4
ID_39d7d875,ID_d454285293
ID_3abb7f54,ID_433f42b7e4
ID_3c63f200,ID_c7b2bc11fe
ID_3e08b714,ID_d9dc6cb126
ID_3ff295e3,ID_bc92abfc05
ID_3ff295e3,ID_c14580f1b6
ID_40ee999b,ID_32d0612508
ID_41a55df8,ID_ca0abe844a
ID_430eed46,ID_854f0e9038
ID_43f4d031,ID_c115227da1
ID_4416e4bc,ID_64421c36d7
ID_457fb04c,ID_bafbc29a9f
ID_462abff7,ID_4fef99f0df
ID_48cb940d,ID_be0a97395e
ID_49bce06c,ID_747ad8c8c4
ID_49f8be51,ID_7f1d65ba73
ID_4a68a107,ID_e6d8620c56
ID_4b5fae1a,ID_5c6555ff2a
ID_4b6c46b3,ID_2262bb77e1
ID_4c3dea53,ID_b3b2f5ae57
ID_4da5da0c,ID_c4c003866f
ID_4df82d97,ID_4759bd8f57
ID_4eec45b6,ID_d183d431c8
ID_4f2defee,ID_c7929b5b3b
ID_4f4fd215,ID_1540deb670
ID_4f6678f8,ID_3a507b8205
ID_50de652a,ID_54c09cd032
ID_51d12de3,ID_e34b93e7a8
ID_52602196,ID_2c3307a4db
ID_53f7854e,ID_aeb2bec0b9
ID_545cd536,ID_3089f53b57
ID_54a392ba,ID_3025dfb05c
ID_5539d094,ID_c12c9b6068
ID_557ed4c1,ID_82d9d5b21f
ID_573e3d1d,ID_0afd5ae16b
ID_59439017,ID_bb68ada61e
ID_5a1623fa,ID_5c4830760b
ID_5b7c09fb,ID_ba3d5d6e21
ID_5bac7a14,ID_ff5f64d37c
ID_5c79bc51,ID_8f7e6f6513
ID_5d3b2977,ID_0386e10db3
ID_5d644b3d,ID_9933598d50
ID_5de29890,ID_b6e156ddf5
ID_5f0767b9,ID_e7c5aba1c6
ID_5f487626,ID_a589ce5f70
ID_60621bf6,ID_47112dd4cd
ID_60f71816,ID_b9b86915e1
ID_61d71ec0,ID_6c16cc876d
ID_6294b47e,ID_00307837ce
ID_6338c4f1,ID_a3b607ba3f
ID_6497ed37,ID_e2766c903b
ID_6602ecae,ID_59f0afab85
ID_667003f4,ID_37fb7f074d
ID_6870bde2,ID_5abf532acc
ID_693184ee,ID_b9bdb54d74
ID_6a6976ae,ID_97ae10a424
ID_6bda925c,ID_ab01c0a4a3
ID_6bf4e405,ID_701ca888c7
ID_6c0d5437,ID_71c460300d
ID_6c443e53,ID_64f1caecbe
ID_6d3551a1,ID_44d8aa41af
ID_6d692e2f,ID_54ea591f22
ID_6d714db4,ID_dced5aefd9
ID_6e337c05,ID_a4e58b1052
ID_6f0852f8,ID_a7804be230
ID_6f7a00fe,ID_1cd951fff4
ID_6fb71c14,ID_693af4df4c
ID_7123ef88,ID_9ec7a8e33b
ID_713011a6,ID_ee7011120e
ID_71fc608a,ID_49269e138d
ID_73a2ccc1,ID_a0d99ca275
ID_74cd7d45,ID_22bb69a5a3
ID_75e362e0,ID_0f8d0c0adc
ID_76961b8a,ID_2657c04073
ID_773cde19,ID_f76288cd9f
ID_77b01dad,ID_4ef5aac23e
ID_79789122,ID_893349dd1a
ID_798809e7,ID_e61701bead
ID_79c0838b,ID_d8b8627a82
ID_7a357cee,ID_5372ee35f5
ID_7a77f073,ID_de3ce7db7e
ID_7b4b4ad6,ID_82021dd2a8
ID_7b8d1f0c,ID_fc279aa16b
ID_7bebe880,ID_94288f0801
ID_7cbc93b3,ID_84bcf211d4
ID_7eeb6638,ID_02d57cd50b
ID_7f0c1932,ID_7cd15ed71e
ID_7f485ba8,ID_45e9f75d12
ID_801b4d75,ID_7632cd87b6
ID_806c0b4a,ID_c8302e3a31
ID_80f3a0ae,ID_ba7aeaee46
ID_81db7c49,ID_a331c60576
ID_822a6043,ID_c769583768
ID_82624eed,ID_ec158e8bdb
ID_82cfc6a8,ID_da93401499
ID_8331dbe8,ID_1d4b740107
ID_833b6f89,ID_eb9a7a83b8
ID_83c353c9,ID_c56dfe4c99
ID_83f6d05a,ID_f078c1b702
ID_84031a75,ID_6bc7c059e6
ID_845aa72d,ID_e47817b1c2
ID_847b48b4,ID_545752f54d
ID_8480a35d,ID_38c89ee9eb
ID_84a9faba,ID_3a88af9b82
ID_84d28fd8,ID_8769dee454
ID_85fb73ac,ID_27211206f7
ID_8620d8f6,ID_a707fd1b7f
ID_862bcf67,ID_16dcd84d91
ID_86302070,ID_9b266f6970
ID_87275254,ID_83e9b46fb9
ID_87517f34,ID_f410d72c9d
ID_87567c9c,ID_61472aa0f8
ID_88c66b11,ID_86a381cb96
ID_88de88f7,ID_7f6523be8e
ID_89bdcc3b,ID_e9563e85b1
ID_8ae2f656,ID_52ea23a5f3
ID_8b028eb4,ID_6b90d1e6c0
ID_8c0dbe7b,ID_6791144fa4
ID_8cdb2d73,ID_b05c44de0e
ID_8d063d50,ID_21f1b28a61
ID_8d9a5369,ID_e761b33102
ID_8f31474e,ID_d899dc2093
ID_8f320427,ID_93bda959e5
ID_903b0929,ID_39c0ca000f
ID_905513a4,ID_ab4e8639a3
ID_907a3d26,ID_2a0b4a4bd8
ID_907a8d75,ID_51094e11eb
ID_90a689d5,ID_b91bb7bab8
ID_90bcef47,ID_d19b1bc738
ID_9116d8c5,ID_7236fe94fc
ID_916ebea2,ID_a505ccef4e
ID_924442a0,ID_a64269c9e4
ID_92798746,ID_61edcfdef0
ID_9290650c,ID_55829c8b7a
ID_9290650c,ID_cda81d694b
ID_93806008,ID_80c140e690
ID_93b6ee99,ID_1c2f45710e
ID_944f9841,ID_d0bfa86582
ID_949772ad,ID_872c7513b2
ID_94ffa37d,ID_6d244394e9
ID_96796c12,ID_bff9c55aa2
ID_9806e477,ID_7107273c18
ID_9851897f,ID_20873b94b8
ID_98fcfe52,ID_a8bbf4336d
ID_991f5e33,ID_4b55a3c6c3
ID_9924516d,ID_cce87b8761
ID_998f41d0,ID_121eb4361c
ID_9a1e332d,ID_2a9c137f95
ID_9aab6e0d,ID_099843577f
ID_9c6ad61d,ID_00dbc23736
ID_9cdaade5,ID_70d05bec94
ID_9d1683fb,ID_00cfb430a8
ID_9eb2472f,ID_3b482a7d32
ID_9ef30c3b,ID_4ce3b6957a
ID_9f027843,ID_411b02169a
ID_9f2f1be7,ID_0580e47573
ID_9ffd08a2,ID_3aed036ab5
ID_a03d4a4e,ID_7c8c823c41
ID_a11e9ad7,ID_99bdb24680
ID_a1f52513,ID_6f4e61d469
ID_a2f9bbf1,ID_c75ae4e374
ID_a381fa51,ID_204c5fedba
ID_a39d1703,ID_3da7967508
ID_a3a64d0f,ID_14d453df54
ID_a6c3a453,ID_8c05a72e0f
ID_a76dc0ca,ID_fd12f67550
ID_a7ae1a01,ID_7c583850dd
ID_a8674746,ID_7abcea12af
ID_a875c9c4,ID_232aef8750
ID_a9ce017b,ID_a962b92b76
ID_a9fe41fd,ID_ba000cea10
ID_ab18679d,ID_da38685994
ID_ac2e24b2,ID_378189b8d3
ID_ad252872,ID_74f728bfad
ID_ad3432e7,ID_a37e66eaf7
ID_ae2ba27f,ID_1e17f45929
ID_af0cb503,ID_e0130390c4
ID_af62dc73,ID_00200ca5f0
ID_b1984732,ID_16ac722ed4
ID_b30dce05,ID_5ba39a9881
ID_b325bd28,ID_9a073266bd
ID_b33642c9,ID_067ec8bb9f
ID_b444c6f3,ID_664db1c279
ID_b51b0e06,ID_09f55c2bcd
ID_b5c4e7b4,ID_74487ee370
ID_b6436a2c,ID_c6c16af9c6
ID_b68d1218,ID_a325411041
ID_b92014da,ID_a9310805a0
ID_ba5e58c9,ID_c37b36b7e3
ID_bb5e42d0,ID_ce374163a1
ID_bb98d714,ID_d00a609d52
ID_bbccb460,ID_8126dd995b
ID_bd56a137,ID_ff83fa66a1
ID_be71e160,ID_3c98409a5c
ID_beee488b,ID_06df3a7578
ID_bf2a4c69,ID_39ed7d8502
ID_c27087c4,ID_9d75104016
ID_c34e48da,ID_2ebeb18920
ID_c512a024,ID_091b973c56
ID_c5226e01,ID_43e68c4db7
ID_c6a16ae4,ID_69a4bdb6c8
ID_c8013454,ID_0f59fe4b22
ID_c917f61b,ID_6ccb135d10
ID_c9242368,ID_9f2a80e6c4
ID_c996f633,ID_20d7d12b21
ID_c9b41f22,ID_8a920da132
ID_cae2704b,ID_97ab9d3a8d
ID_cb8b9c9e,ID_57a3992b20
ID_ccb569c0,ID_b352fa4fd6
ID_cdaf4ca4,ID_4f47f0e7ef
ID_ce5f0b6c,ID_51253b4b06
ID_ce8a3cd2,ID_974735bf79
ID_ceb0741f,ID_898640c6cb
ID_d01a779d,ID_1fe2d0f180
ID_d0720b35,ID_938c3de17e
ID_d0b2a16c,ID_36a77d1dfb
ID_d1647840,ID_1976e9cd94
ID_d18bc3f0,ID_993767331e
ID_d190f8b1,ID_0d08e61dd6
ID_d1d73ba7,ID_02a2bd8cc2
ID_d1e43ba9,ID_33af64b49a
ID_d1f11939,ID_877abef585
ID_d1faff3c,ID_65e3dc4dba
ID_d36cdd6d,ID_4f793f3cb4
ID_d4c7729a,ID_c87c013150
ID_d5900d63,ID_5f0b735837
ID_d65349ae,ID_adb21f4ab0
ID_d7510e2f,ID_f990ba5527
ID_d7b7c85d,ID_c2a8278e98
ID_d7d213a6,ID_7fdbd503f9
ID_d7fe5f78,ID_cd529fb41b
ID_d864df2c,ID_529750d8af
ID_d8e67d7d,ID_c182bd8176
ID_d8fcc7c7,ID_350c3cf9c6
ID_d9161a93,ID_f5c232a41a
ID_d94da5c0,ID_91650e61ff
ID_da7b21e8,ID_c21c2bdd03
ID_da857efd,ID_bc19173eb9
ID_da8c50c1,ID_18ef5e3a5a
ID_db90e80d,ID_3da8898336
ID_dbca20b9,ID_9adbf2f5f3
ID_dcb7c226,ID_242643c63e
ID_dd153d13,ID_4befbab143
ID_defc364d,ID_257c60ce3c
ID_df14aee5,ID_74f21ad0ed
ID_dfa9cd11,ID_fe597795f5
ID_dff1fa85,ID_be0e1546a6
ID_e0116431,ID_5a6945c8f0
ID_e0c7aadf,ID_2959566599
ID_e1aafd9f,ID_9a75bb26d6
ID_e4c7e123,ID_0947d413aa
ID_e5039e98,ID_8e3c29e212
ID_e66007c1,ID_9e0bc0b082
ID_e7c0fde7,ID_16d9101587
ID_e84edbd4,ID_1d2710ff01
ID_e87cd52c,ID_56b5ab91da
ID_e96539f2,ID_a8bb95cdbc
ID_eb2b4fbd,ID_cf5895bab8
ID_eb45db50,ID_1b603c4b1f
ID_ebc6e050,ID_e135fada76
ID_ebcf8504,ID_71052fb377
ID_ec56dd83,ID_f1569f03ad
ID_ed24fb51,ID_d655431be8
ID_ed311598,ID_8589833b52
ID_ed63f57c,ID_d7c4dc6d5a
ID_ee0a860b,ID_202625e977
ID_eed0a03b,ID_7139a47949
ID_efab3010,ID_afd2c04e78
ID_f07588df,ID_9996449d98
ID_f1b76610,ID_23172425ec
ID_f1e8df93,ID_8479a6fd61
ID_f24bfc86,ID_a01df894d7
ID_f2771b69,ID_f35b51359b
ID_f4d02524,ID_f695b2e77c
ID_f78b2a21,ID_ebfe0155ce
ID_f7d4c546,ID_157f6cb4db
ID_f85ffb85,ID_4042539f5d
ID_f86f96d6,ID_39473d1fc3
ID_fcdb31f0,ID_85356cb39d
ID_fd19ef4c,ID_627a0b824c
ID_fd503419,ID_bd40cfddc9
ID_fdd74e44,ID_90aabded6f
ID_fe27947b,ID_bf6b5726ba
ID_ffc709c0,ID_9c96a56976
ID_00e394df,ID_bf7891541c
ID_01c43619,ID_baea9f5851
ID_024b1aa8,ID_904f99a5fe
ID_0308dba8,ID_013e79867b
ID_03962d75,ID_0988f08b7a
ID_03c99056,ID_128d656c66
ID_0402b53e,ID_3b96b4d8b6
ID_0413d44d,ID_d609d93aa0
ID_04214a48,ID_06874e04c3
ID_0560a909,ID_3e963a8b86
ID_0651a2bf,ID_741d8b174c
ID_066b1fc2,ID_e7edfad49e
ID_0731aefa,ID_ac7af15ab6
ID_0762da12,ID_a07d150d9f
ID_08137fcb,ID_8fc55cf981
ID_086cae78,ID_8efa135041
ID_089596a9,ID_ea71b57820
ID_08e0e72b,ID_fed27b9466
ID_08f5cf10,ID_4a649951eb
ID_099a9ac1,ID_8df8e0aa19
ID_0a2dc734,ID_99ea1ae541
ID_0b86af1b,ID_d09cd34721
ID_0c2b43f6,ID_848a4fe80f
ID_0d1ff718,ID_19a5a51f71
ID_0d3cb1d2,ID_3585c0536c
ID_0d952528,ID_66fea76d64
ID_0ec85fc7,ID_7763708ebf
ID_100c8092,ID_5870efab20
ID_10f476c7,ID_1698183d0b
ID_12bb0592,ID_eae32ea34d
ID_14c5ca98,ID_2776c10cf0
ID_16625b72,ID_b3060a0800
ID_16e39577,ID_7402c2f56c
ID_1749434a,ID_e848e9784a
ID_17c9dd54,ID_6fa5faa5a2
ID_185c821f,ID_e51d66f64b
ID_18e16208,ID_e61ba59cd3
ID_196704db,ID_4eb6296376
ID_1a4a9740,ID_63ec515b85
ID_1bc500de,ID_c9d1987ce6
ID_1cb729bc,ID_4f4dbe5ee2
ID_1d2e0090,ID_c0d148947f
ID_1e0fe9d2,ID_550f3e44b4
ID_1e74903a,ID_bb7f9c30ff
ID_1e9f8791,ID_58c29be245
ID_1ea1a5cd,ID_0440b7231f
ID_2081c6db,ID_5c0b53354e
ID_2141f616,ID_15c63b620b
ID_2190cf98,ID_1393037a87
ID_21df8a19,ID_5770b05175
ID_22f03c64,ID_6240aea587
ID_22f10875,ID_d1a651f0c7
ID_232622fe,ID_073900c1e4
ID_24049059,ID_05e909e904
ID_243b6d28,ID_9559308db1
ID_248cb736,ID_88582484c1
ID_24df80e7,ID_d92f1793a1
ID_259d7497,ID_f138bc0cf5
ID_25bbd422,ID_7a391f2f63
ID_2663f8ba,ID_53e6cbfa7c
ID_268b38fe,ID_42ddfd11aa
ID_2872834a,ID_542e9d00da
ID_29d2772a,ID_11a014af99
ID_2a95dc6d,ID_14d6210e72
ID_2b8741c5,ID_2bf0a2deb1
ID_2c329601,ID_7b6aaa8ed2
ID_2c3b8c62,ID_ee4d47bbbd
ID_2c46846a,ID_e957da868d
ID_2c95dc54,ID_0f88120a35
ID_2cbea247,ID_99e8dc6d32
ID_2ddf6544,ID_31fdf4d1e6
ID_2e3f8d79,ID_dc3cef6c47
ID_2e68eabb,ID_d370549bde
ID_2f38ac65,ID_b43312e8e2
ID_2f77fbf9,ID_adc12ba1cc
ID_3079f45f,ID_d69d01a2a7
ID_312aa312,ID_dd714ff451
ID_31652e46,ID_7a2a7bc8b9
ID_31a4415b,ID_718c0188ef
ID_32ee8552,ID_0f8b7b728e
ID_331a0a71,ID_2321000370
ID_33b5f71d,ID_69ea5665b5
ID_33c69e52,ID_a1336da23c
ID_33e26eaf,ID_394438bef4
ID_33e26eaf,ID_925bccb792
ID_33e6a8da,ID_b83295740d
ID_3455c243,ID_d477a6ea5f
ID_349db9e4,ID_e6d0b2cf4d
ID_3506fefa,ID_98e9887334
ID_359fbc30,ID_151126dc9a
ID_3620573f,ID_cdbe31a0dd
ID_36c24e16,ID_d87e6a76ae
ID_3725a691,ID_712e20c5ac
ID_386ae8ad,ID_ae1a944387
ID_387cfefc,ID_abbeacf6e1
ID_38d0d750,ID_d14d0160a1
ID_39bacad3,ID_6a58f3ceb4
ID_39d7d875,ID_58b636e425
ID_3c6fab12,ID_564c63132f
ID_3d61f4e6,ID_218520a787
ID_402068d3,ID_a3b4cafd00
ID_40578234,ID_83b8eeb02f
ID_40dca36c,ID_117b788a53
ID_40f72af9,ID_00a3257828
ID_41208334,ID_c2a3833ab0
ID_41de45c7,ID_3aae78a409
ID_42e917a5,ID_c46650beb2
ID_4494ea36,ID_456308f078
ID_4549e3b6,ID_f3880a2743
ID_467176fd,ID_8cfee5ea96
ID_474d8212,ID_44347fbc4c
ID_47faf954,ID_5f194bede1
ID_48c169a4,ID_3660808f3e
ID_49f1f9ec,ID_4c08b60cfd
ID_4abe1ff4,ID_1e5eb81191
ID_4b05c252,ID_91f2c70bd1
ID_4dcc3dfa,ID_a3dec7d970
ID_4e15338f,ID_21f894693b
ID_4e39ce54,ID_e0f7f0d989
ID_4f6681a4,ID_7218a2b1a6
ID_5117f9bf,ID_6950d3fab2
ID_52250c34,ID_41cb39e851
ID_5304136a,ID_defd3d7181
ID_531ca3bb,ID_8da9f069dc
ID_539c3b23,ID_57eecb9231
ID_53caf2e5,ID_51b2ffeb21
ID_542a41ef,ID_de47e2a140
ID_569e0c29,ID_4d0c11a36b
ID_58ba1d4a,ID_8cd00605ee
ID_5939539c,ID_568c68ce3c
ID_5ab532c3,ID_8445eb0d3a
ID_5d9d3b50,ID_6e81cb0f88
ID_5e019d85,ID_f754af6f15
ID_5e16c6c2,ID_3e46adb20c
ID_5e288dd7,ID_afc3e98ab7
ID_5efbc6de,ID_c7cd90f194
ID_5f072601,ID_7ad2a0d53a
ID_60d999c3,ID_e47968045f
ID_616b92c7,ID_101abce6d8
ID_6282c9fc,ID_1770222953
ID_62e7164f,ID_5413d6341d
ID_64d74209,ID_93e581b070
ID_66027be9,ID_2951dd0205
ID_667e81ca,ID_ac035b7252
ID_6689a8bd,ID_11f56eb2a4
ID_66f38c23,ID_b2ed07aadd
ID_67044fe2,ID_1b236f7a44
ID_678b50ef,ID_9d0a66f10e
ID_67d7251a,ID_578882a682
ID_6880e5e4,ID_20f5b9fdcc
ID_693184ee,ID_57bb5515db
ID_6965d8ea,ID_eb0f9fe018
ID_6a2c1376,ID_ab914c9508
ID_6a3f56ec,ID_f3ae094b24
ID_6b3bd4db,ID_8e388643b8
ID_6c85adda,ID_86bc0ab248
ID_6d156aa6,ID_9c9077e3a9
ID_6e755120,ID_fd7bf5725c
ID_6f111a3a,ID_64b8ab7375
ID_6f5384b7,ID_1dae254908
ID_701ee9d5,ID_c5ce8af1f6
ID_703a358d,ID_f83f5a49cd
ID_728f938f,ID_dd5044a8ac
ID_739323da,ID_ddbb8a8ba1
ID_7564de50,ID_b6d0c2086b
ID_7684c4b6,ID_4db5024a0a
ID_7694e65d,ID_50fda84f99
ID_780b336d,ID_cf84ffc14f
ID_78392d5b,ID_50b5444541
ID_78a996b7,ID_bc3882c42b
ID_79006f18,ID_7eca16177d
ID_7a41a222,ID_fd0bdffb95
ID_7a7470c9,ID_710e709407
ID_7a8aca9b,ID_0b5b35a0f9
ID_7a9d86f2,ID_d47b77d7ab
ID_7bccf289,ID_fb285c7341
ID_7c3602e4,ID_81d0455f5f
ID_7d0598d6,ID_6668963d0d
ID_7d2fad7e,ID_21db60ae93
ID_7d3d32cf,ID_2d49a3e4a3
ID_80035f09,ID_6a2798c424
ID_80271adf,ID_8c249f2c18
ID_8037aa9c,ID_f01997a1a0
ID_803da8f2,ID_9396adf7a5
ID_8101a5d6,ID_9bd16f2bd3
ID_81dd3dd7,ID_61e99cedf0
ID_85eb2298,ID_638e3a19a9
ID_86386ef1,ID_7edcbe24aa
ID_8666a642,ID_03e92a47d9
ID_86fa7d2c,ID_14844028b5
ID_878c44e1,ID_2427677b4f
ID_87f66e36,ID_58866a9ed3
ID_8868b80b,ID_6a52c08e5c
ID_8869ee9f,ID_5cdecd5c65
ID_89a5a0e5,ID_70be09a4fb
ID_8abcd3aa,ID_68098a64aa
ID_8b2c9553,ID_2c7c6863ed
ID_8bb86d78,ID_18ec1392a9
ID_8be6ff3c,ID_e86af78cea
ID_8c220c73,ID_f4ab3395f5
ID_8c577b87,ID_33fab63a1b
ID_8e56e85e,ID_cbbc4b6f11
ID_8ecf31f2,ID_485d48f995
ID_8f260dba,ID_43e579c108
ID_8f882837,ID_ae970ce870
ID_8fcc5c8a,ID_306a784381
ID_90a689d5,ID_cc524f1a79
ID_91571425,ID_0dac7bcde0
ID_918875a5,ID_58306391e0
ID_9288ce3b,ID_008a4a7652
ID_930ba263,ID_5d390ce428
ID_93806008,ID_8c2b2b77f3
ID_93806008,ID_b79f8b91e6
ID_93bf4ecc,ID_7c425b7334
ID_93dfcbd5,ID_393259ac78
ID_954348a9,ID_1b2cada9e6
ID_9630cc49,ID_a9a06a9663
ID_96954f6b,ID_aece4cba1c
ID_9800bf08,ID_6115151e19
ID_98716ce9,ID_59dbb8c39d
ID_988db8cf,ID_edd001524b
ID_98b57418,ID_92fbc951f8
ID_98b57418,ID_e540b03593
ID_9958a8d0,ID_d0d3eea66f
ID_9a2ef8c1,ID_ef2a386de0
ID_9ae59c1a,ID_7e155f2ea1
ID_9bc86324,ID_276a58ad79
ID_9c6cadfc,ID_2af049c308
ID_9d1a530e,ID_fbdb477ca1
ID_9d434cc8,ID_f9fffb1444
ID_9ed9fe1b,ID_041712e541
ID_9ee9c3ed,ID_e29635c1ef
ID_a096519b,ID_95c4aa2331
ID_a2a225e1,ID_f423458ad8
ID_a2d35161,ID_5a30200a69
ID_a30b0e67,ID_2896502356
ID_a3567d78,ID_b3e1ec9d78
ID_a3eadaf6,ID_6c72174e6f
ID_a3ee6606,ID_bede54baac
ID_a4ae7048,ID_165b783cae
ID_a536ca5f,ID_d83ea77872
ID_a5929a05,ID_421a66ab35
ID_a5bf1543,ID_4df1977f27
ID_a6102b39,ID_d8a0af30bd
ID_a66b6cf6,ID_1c0609e5b0
ID_a7c6e4f3,ID_93f3df8132
ID_a8a3893b,ID_88278a609f
ID_a9a15834,ID_9da68008f8
ID_aa3970b2,ID_e28e1fd2ee
ID_abe80802,ID_789044bc28
ID_ac2251c5,ID_4b228a485d
ID_aca1438c,ID_1cb11e92e9
ID_acd3f41c,ID_55e4b051e8
ID_ae2ba27f,ID_bed1075a45
ID_afd6c7b3,ID_9783c3cea7
ID_afd8ebfe,ID_f555748d55
ID_b0cbaa75,ID_994c47dc09
ID_b1285441,ID_af5b751187
ID_b198a13f,ID_ff25539127
ID_b27027df,ID_64caefab4c
ID_b2856c82,ID_87271165e0
ID_b2f933fa,ID_be2b16dc80
ID_b340eeed,ID_7719123886
ID_b3c5bf1f,ID_6a8f06419b
ID_b3f2276c,ID_c19f083ea2
ID_b4ab5599,ID_0877599732
ID_b4f7750e,ID_d51a262f22
ID_b54dbd4f,ID_65bfa8c1fc
ID_b54ed8ef,ID_157957d650
ID_b55b3e40,ID_6de5f6a1f9
ID_b5ec76b0,ID_f79fffe829
ID_b669755f,ID_b47859311c
ID_b798f160,ID_05808c7f01
ID_b7e5fec5,ID_e8f4f99501
ID_b834beb8,ID_702925a19e
ID_bac05566,ID_fbdc50b1e6
ID_bc12d210,ID_ac1f657fb8
ID_bc5989bd,ID_faea62701f
ID_bca50ff0,ID_00631898cf
ID_bcceb83c,ID_dabc602b89
ID_bcd83c00,ID_08be7e5fb1
ID_bdd4db6d,ID_9dd9ef321f
ID_be059094,ID_87f7de5bcb
ID_be8811fe,ID_449caf1cd2
ID_bf7186f7,ID_060c8fdee7
ID_bf768703,ID_09ff9a6ebd
ID_c0855179,ID_bdb612d984
ID_c1be940e,ID_209e5f2156
ID_c50c397a,ID_9537297fcd
ID_c65cd3b8,ID_101e231469
ID_c6a52782,ID_20469e4021
ID_c76680f2,ID_e4d9070d17
ID_c7fe5f7f,ID_c4b5c973a5
ID_cbb338ac,ID_924f03a9ac
ID_cc2c5402,ID_a2d588f501
ID_cc72c422,ID_7627acfc70
ID_cdba3f64,ID_628c5799a5
ID_cfcbaa47,ID_c5efe4ca5c
ID_cfdfc147,ID_ed69fb4ea7
ID_d1046854,ID_02c7994a4a
ID_d12d1b5c,ID_a648ae4654
ID_d17c5f62,ID_073bd3b74f
ID_d25a24cc,ID_7b13e469f5
ID_d2deede6,ID_799247e354
ID_d3326900,ID_edc4be19df
ID_d45d201e,ID_cfb103b290
ID_d48084ea,ID_dcbbf17a3b
ID_d4873351,ID_0dc379cbc5
ID_d4bfa684,ID_350694eca8
ID_d4c873b6,ID_009c1f029f
ID_d75738e0,ID_8315f3921b
ID_d85c9f54,ID_463dd1e1a4
ID_d922d235,ID_1766b8a583
ID_d927d4c5,ID_e3f2fc8ad5
ID_d97dcee5,ID_e15e0a17eb
ID_db4178d8,ID_a50e950c82
ID_dba639c1,ID_fecc8e4431
ID_dd60bc12,ID_fe06991276
ID_ddf27427,ID_17eda419d8
ID_de00daba,ID_c0154c6755
ID_de77fc05,ID_a14b6db515
ID_de858d80,ID_e6b1873635
ID_e148b7ec,ID_ff4c27b12f
ID_e14d73c3,ID_4f999d626c
ID_e3751c38,ID_de43b1e622
ID_e4e91972,ID_e67719b24a
ID_e627ddff,ID_a55ecdece8
ID_e66007c1,ID_6faa30f471
ID_e66007c1,ID_ec0ea2c140
ID_e6d5ab81,ID_728d6e0233
ID_e7bf1ec9,ID_4b418336f5
ID_e85a25d5,ID_dfb2d1b789
ID_e874b8c9,ID_9f07c1df09
ID_ea13ed34,ID_f35bc3b9c7
ID_eb0f0094,ID_fba0776067
ID_ed1b3f50,ID_f0da176147
ID_ed6dfff7,ID_8d2f934233
ID_ee92c434,ID_50d2252032
ID_ee9ce47e,ID_a6e0659cb2
ID_eed0a03b,ID_333e9dbdcb
ID_ef566f54,ID_fc61cad361
ID_ef8bd0cf,ID_156ddb4869
ID_efe38b11,ID_a323d2854e
ID_f1a342da,ID_13d6f969d2
ID_f2039ba6,ID_c396bd228a
ID_f25d23c5,ID_f660285be9
ID_f37e8410,ID_551cb206ce
ID_f3a82eb1,ID_ffe43c679f
ID_f4875e26,ID_006ef41d85
ID_f7b1988b,ID_eab37b8eb6
ID_f82fb66a,ID_f3a72ace98
ID_f8ddd725,ID_d51b8a689a
ID_fa949caf,ID_e788601e83
ID_fa98c149,ID_10bd053a20
ID_fb49da27,ID_6a741b2a36
ID_fb49da27,ID_d00ab8bd49
ID_fb49da27,ID_ffb6e8365c
ID_fb982b0d,ID_5310996be7
ID_fc9a4b1c,ID_0e70cad880
ID_fd0e71a6,ID_85226744c6
ID_fd1b2b1a,ID_1b1d6e62dc
ID_ff0ef658,ID_6e4ebe2806
ID_ff36c150,ID_3352a0291d
ID_ff9f0d43,ID_49a591db03
ID_fff140ff,ID_33b54f267c
